first_name,last_name,company_name,phone,email
James,Butt,"Benton, John B Jr",504-845-1427,jbutt@gmail.com
Josephine,Darakjy,"Chanay, Jeffrey A Esq",810-374-9840,josephine_darakjy@darakjy.org
Art,Venere,"Chemel, James L Cpa",856-264-4130,art@venere.org
Lenna,Paprocki,Feltz Printing Service,907-921-2010,lpaprocki@hotmail.com
Donette,Foller,Printing Dimensions,513-549-4561,donette.foller@cox.net
Simona,Morasca,"Chapman, Ross E Esq",419-800-6759,simona@morasca.com
Mitsue,Tollner,Morlong Associates,773-924-8565,mitsue_tollner@yahoo.com
Leota,Dilliard,Commercial Press,408-813-1105,leota@hotmail.com
Sage,Wieser,Truhlar And Truhlar Attys,605-794-4895,sage_wieser@cox.net
Kris,Marrier,"King, Christopher A Esq",410-804-4694,kris@gmail.com
Minna,Amigon,"Dorl, James J Esq",215-422-8694,minna_amigon@yahoo.com
Abel,Maclead,Rangoni Of Florence,631-677-3675,amaclead@gmail.com
Kiley,Caldarera,Feiner Bros,310-254-3084,kiley.caldarera@aol.com
Graciela,Ruta,Buckley Miller & Wright,440-579-7763,gruta@cox.net
Cammy,Albares,"Rousseaux, Michael Esq",956-841-7216,calbares@gmail.com
Mattie,Poquette,Century Communications,602-953-6360,mattie@aol.com
Meaghan,Garufi,"Bolton, Wilbur Esq",931-235-7959,meaghan@hotmail.com
Gladys,Rim,T M Byxbee Company Pc,414-377-2880,gladys.rim@rim.org
Yuki,Whobrey,Farmers Insurance Group,313-341-4470,yuki_whobrey@aol.com
Fletcher,Flosi,Post Box Services Plus,815-426-5657,fletcher.flosi@yahoo.com
Bette,Nicka,Sport En Art,610-492-4643,bette_nicka@cox.net
Veronika,Inouye,C 4 Network Inc,408-813-4592,vinouye@aol.com
Willard,Kolmetz,"Ingalls, Donald R Esq",972-896-4882,willard@hotmail.com
Maryann,Royster,"Franklin, Peter L Esq",518-448-8982,mroyster@royster.com
Alisha,Slusarski,Wtlz Power 107 Fm,732-635-3453,alisha@slusarski.com
Allene,Iturbide,"Ledecky, David Esq",715-530-9863,allene_iturbide@cox.net
Chanel,Caudy,Professional Image Inc,913-899-1103,chanel.caudy@caudy.org
Ezekiel,Chui,"Sider, Donald C Esq",410-235-8738,ezekiel@chui.com
Willow,Kusko,U Pull It,212-934-5167,wkusko@yahoo.com
Bernardo,Figeroa,"Clark, Richard Cpa",936-597-3614,bfigeroa@aol.com
Ammie,Corrio,"Moskowitz, Barry S",614-648-3265,ammie@corrio.com
Francine,Vocelka,Cascade Realty Advisors Inc,505-335-5293,francine_vocelka@vocelka.com
Ernie,Stenseth,Knwz Newsradio,201-387-9093,ernie_stenseth@aol.com
Albina,Glick,"Giampetro, Anthony D",732-782-6701,albina@glick.com
Alishia,Sergi,Milford Enterprises Inc,212-753-2740,asergi@gmail.com
Solange,Shinko,"Mosocco, Ronald A",504-265-8174,solange@shinko.com
Jose,Stockham,Tri State Refueler Co,212-569-4233,jose@yahoo.com
Rozella,Ostrosky,Parkway Company,805-609-1531,rozella.ostrosky@ostrosky.com
Valentine,Gillian,Fbs Business Finance,210-300-6244,valentine_gillian@gmail.com
Kati,Rulapaugh,Eder Assocs Consltng Engrs Pc,785-219-7724,kati.rulapaugh@hotmail.com
Youlanda,Schemmer,Tri M Tool Inc,541-993-2611,youlanda@aol.com
Dyan,Oldroyd,International Eyelets Inc,913-645-8918,doldroyd@aol.com
Roxane,Campain,Rapid Trading Intl,907-335-6568,roxane@hotmail.com
Lavera,Perin,Abc Enterprises Inc,305-995-2078,lperin@perin.org
Erick,Ferencz,Cindy Turner Associates,907-227-6777,erick.ferencz@aol.com
Fatima,Saylors,"Stanton, James D Esq",952-479-2375,fsaylors@saylors.org
Jina,Briddick,Grace Pastries Inc,617-997-5771,jina_briddick@briddick.com
Kanisha,Waycott,"Schroer, Gene E Esq",323-315-7314,kanisha_waycott@yahoo.com
Emerson,Bowley,Knights Inn,608-658-7940,emerson.bowley@bowley.org
Blair,Malet,Bollinger Mach Shp & Shipyard,215-794-4519,bmalet@yahoo.com
